pc_iso_gw,pc_iso_node,gw_utc_sec,gw_utc_ms,node_utc_sec,node_utc_ms,utc_match,latency_ms,node_local_ms,drift_ppm
2026-06-01T09:46:58.858241+00:00,2026-06-01T09:46:58.878501+00:00,1780307217,859,1780307217,859,True,20,27871,0
2026-06-01T09:47:28.873087+00:00,2026-06-01T09:47:28.890763+00:00,1780307247,873,1780307247,873,True,17,57870,500
2026-06-01T09:47:58.886613+00:00,2026-06-01T09:47:58.941042+00:00,1780307277,883,1780307277,883,True,55,87920,-233
2026-06-01T09:48:28.896371+00:00,2026-06-01T09:48:28.941272+00:00,1780307307,893,1780307307,893,True,45,117920,-190
2026-06-01T09:48:58.909413+00:00,2026-06-01T09:48:58.941521+00:00,1780307337,908,1780307337,908,True,32,147920,-88
2026-06-01T09:49:28.921235+00:00,2026-06-01T09:49:28.941772+00:00,1780307367,920,1780307367,920,True,20,177920,-12
2026-06-01T09:49:58.933462+00:00,2026-06-01T09:49:58.992889+00:00,1780307397,929,1780307397,929,True,59,207969,-68
2026-06-01T09:50:28.939396+00:00,2026-06-01T09:50:28.993111+00:00,1780307427,934,1780307427,934,True,54,237969,-83
2026-06-01T09:50:58.949188+00:00,2026-06-01T09:50:58.993382+00:00,1780307457,947,1780307457,947,True,44,267969,-70
2026-06-01T09:51:28.959853+00:00,2026-06-01T09:51:28.993611+00:00,1780307487,957,1780307487,957,True,34,297969,-50
2026-06-01T09:51:58.967579+00:00,2026-06-01T09:51:58.993868+00:00,1780307517,960,1780307517,960,True,26,327969,-34
2026-06-01T09:52:28.979302+00:00,2026-06-01T09:52:28.994112+00:00,1780307547,972,1780307547,972,True,15,357968,-14
2026-06-01T09:52:58.990954+00:00,2026-06-01T09:52:59.044363+00:00,1780307577,988,1780307577,988,True,54,388018,-22
2026-06-01T09:53:29.003422+00:00,2026-06-01T09:53:29.044635+00:00,1780307608,0,1780307608,0,True,41,418018,-21
2026-06-01T09:53:59.019309+00:00,2026-06-01T09:53:59.045679+00:00,1780307638,13,1780307638,13,True,26,448018,-13
2026-06-01T09:54:29.032535+00:00,2026-06-01T09:54:29.095926+00:00,1780307668,25,1780307668,25,True,63,478068,-23
2026-06-01T09:54:59.044473+00:00,2026-06-01T09:54:59.096207+00:00,1780307698,39,1780307698,39,True,52,508067,-25
2026-06-01T09:55:29.053671+00:00,2026-06-01T09:55:29.096417+00:00,1780307728,48,1780307728,48,True,43,538067,-23
2026-06-01T09:55:59.064046+00:00,2026-06-01T09:55:59.096708+00:00,1780307758,59,1780307758,59,True,32,568067,-18
2026-06-01T09:56:29.075739+00:00,2026-06-01T09:56:29.096932+00:00,1780307788,70,1780307788,70,True,21,598067,-12
2026-06-01T09:56:59.086438+00:00,2026-06-01T09:56:59.147156+00:00,1780307818,78,1780307818,78,True,61,628117,-16
2026-06-01T09:57:29.095082+00:00,2026-06-01T09:57:29.147419+00:00,1780307848,86,1780307848,86,True,52,658116,-18
2026-06-01T09:57:59.105529+00:00,2026-06-01T09:57:59.148433+00:00,1780307878,95,1780307878,95,True,43,688116,-17
2026-06-01T09:58:29.123213+00:00,2026-06-01T09:58:29.148680+00:00,1780307908,113,1780307908,113,True,25,718116,-13
2026-06-01T09:58:59.138946+00:00,2026-06-01T09:58:59.199012+00:00,1780307938,130,1780307938,130,True,61,748166,-16
2026-06-01T09:59:29.147838+00:00,2026-06-01T09:59:29.199237+00:00,1780307968,138,1780307968,138,True,52,778166,-16
2026-06-01T09:59:59.161536+00:00,2026-06-01T09:59:59.199508+00:00,1780307998,152,1780307998,152,True,38,808165,-15
2026-06-01T10:00:29.169010+00:00,2026-06-01T10:00:29.199755+00:00,1780308028,159,1780308028,159,True,30,838165,-12
2026-06-01T10:00:59.179743+00:00,2026-06-01T10:00:59.200110+00:00,1780308058,165,1780308058,165,True,21,868165,-10
2026-06-01T10:01:29.188519+00:00,2026-06-01T10:01:29.251088+00:00,1780308088,174,1780308088,174,True,63,898215,-12
2026-06-01T10:01:59.202791+00:00,2026-06-01T10:01:59.251381+00:00,1780308118,194,1780308118,194,True,49,928215,-12
2026-06-01T10:02:29.213927+00:00,2026-06-01T10:02:29.301600+00:00,1780308148,204,1780308148,204,True,88,958265,-15
2026-06-01T10:02:59.222950+00:00,2026-06-01T10:02:59.251847+00:00,1780308178,211,1780308178,211,True,29,988214,-37
2026-06-01T10:03:29.233653+00:00,2026-06-01T10:03:29.252077+00:00,1780308208,221,1780308208,221,True,19,1018214,28
2026-06-01T10:03:59.244097+00:00,2026-06-01T10:03:59.302272+00:00,1780308238,222,1780308238,222,True,58,1048264,10
2026-06-01T10:04:29.255909+00:00,2026-06-01T10:04:29.303450+00:00,1780308268,234,1780308268,234,True,48,1078264,-14
2026-06-01T10:04:59.265185+00:00,2026-06-01T10:04:59.303691+00:00,1780308298,248,1780308298,248,True,38,1108264,-33
2026-06-01T10:05:29.275828+00:00,2026-06-01T10:05:29.303089+00:00,1780308328,258,1780308328,258,True,28,1138263,31
2026-06-01T10:05:59.286216+00:00,2026-06-01T10:05:59.304110+00:00,1780308358,269,1780308358,269,True,18,1168263,26
2026-06-01T10:06:29.293388+00:00,2026-06-01T10:06:29.354324+00:00,1780308388,276,1780308388,276,True,61,1198313,3
2026-06-01T10:06:59.238853+00:00,2026-06-01T10:06:59.283380+00:00,1780308418,287,1780308418,287,True,45,1228313,-12
2026-06-01T10:07:29.238735+00:00,2026-06-01T10:07:29.282795+00:00,1780308448,296,1780308448,296,True,44,1258313,-17
2026-06-01T10:07:59.249629+00:00,2026-06-01T10:07:59.282478+00:00,1780308478,309,1780308478,309,True,33,1288312,-36
2026-06-01T10:08:29.261450+00:00,2026-06-01T10:08:29.282115+00:00,1780308508,321,1780308508,321,True,21,1318312,20
2026-06-01T10:08:59.281351+00:00,2026-06-01T10:08:59.331536+00:00,1780308538,331,1780308538,331,True,50,1348362,0
2026-06-01T10:09:29.282597+00:00,2026-06-01T10:09:29.332220+00:00,1780308568,339,1780308568,339,True,50,1378362,-20
2026-06-01T10:09:59.294063+00:00,2026-06-01T10:09:59.381773+00:00,1780308598,352,1780308598,352,True,87,1408412,35
2026-06-01T10:10:29.305276+00:00,2026-06-01T10:10:29.331370+00:00,1780308628,364,1780308628,364,True,26,1438361,14
2026-06-01T10:10:59.321696+00:00,2026-06-01T10:10:59.380988+00:00,1780308658,381,1780308658,381,True,59,1468411,-1
2026-06-01T10:11:29.333331+00:00,2026-06-01T10:11:29.380638+00:00,1780308688,393,1780308688,393,True,47,1498411,-18
2026-06-01T10:11:59.346003+00:00,2026-06-01T10:11:59.380209+00:00,1780308718,401,1780308718,401,True,34,1528411,-35
2026-06-01T10:12:29.355558+00:00,2026-06-01T10:12:29.379791+00:00,1780308748,411,1780308748,411,True,24,1558411,33
2026-06-01T10:12:59.362308+00:00,2026-06-01T10:12:59.379442+00:00,1780308778,423,1780308778,423,True,17,1588411,22
2026-06-01T10:13:29.373722+00:00,2026-06-01T10:13:29.428961+00:00,1780308808,435,1780308808,435,True,55,1618460,7
2026-06-01T10:13:59.389962+00:00,2026-06-01T10:13:59.429427+00:00,1780308838,453,1780308838,453,True,40,1648460,-20
2026-06-01T10:14:29.396900+00:00,2026-06-01T10:14:29.478995+00:00,1780308868,461,1780308868,461,True,82,1678510,29
2026-06-01T10:14:59.410650+00:00,2026-06-01T10:14:59.428692+00:00,1780308898,473,1780308898,473,True,18,1708460,19
2026-06-01T10:15:29.420353+00:00,2026-06-01T10:15:29.478171+00:00,1780308928,484,1780308928,484,True,58,1738510,-5
2026-06-01T10:15:59.435341+00:00,2026-06-01T10:15:59.528799+00:00,1780308958,500,1780308958,500,True,93,1768559,-20
2026-06-01T10:16:29.443609+00:00,2026-06-01T10:16:29.478370+00:00,1780308988,508,1780308988,508,True,35,1798509,-28
2026-06-01T10:16:59.454519+00:00,2026-06-01T10:16:59.477093+00:00,1780309018,514,1780309018,514,True,23,1828509,39
2026-06-01T10:17:29.462249+00:00,2026-06-01T10:17:29.477609+00:00,1780309048,523,1780309048,523,True,15,1858509,10
2026-06-01T10:17:59.474550+00:00,2026-06-01T10:17:59.527211+00:00,1780309078,541,1780309078,541,True,53,1888559,73
2026-06-01T10:18:29.482806+00:00,2026-06-01T10:18:29.526881+00:00,1780309108,550,1780309108,550,True,44,1918558,-17
2026-06-01T10:18:59.492553+00:00,2026-06-01T10:18:59.526504+00:00,1780309138,555,1780309138,555,True,34,1948558,-32
2026-06-01T10:19:29.503706+00:00,2026-06-01T10:19:29.525973+00:00,1780309168,566,1780309168,566,True,22,1978558,48
2026-06-01T10:19:59.514562+00:00,2026-06-01T10:19:59.575677+00:00,1780309198,582,1780309198,582,True,61,2008608,27
2026-06-01T10:20:29.520578+00:00,2026-06-01T10:20:29.575261+00:00,1780309228,588,1780309228,588,True,55,2038608,5
2026-06-01T10:20:59.532498+00:00,2026-06-01T10:20:59.575721+00:00,1780309258,598,1780309258,598,True,43,2068607,-11
