pair_type,pc_iso_n1,node1_utc_sec,node1_utc_ms,node1_error_ms,node1_drift_ppm,pc_iso_n2,node2_utc_sec,node2_utc_ms,node2_error_ms,node2_drift_ppm,internode_diff_ms
unpaired_n2,,,,,,2026-05-31T09:47:56.223114+00:00,1780220875,112,-1111,0,
unpaired_n2,,,,,,2026-05-31T09:48:26.236973+00:00,1780220905,151,-1085,1000,
unpaired_n2,,,,,,2026-05-31T09:48:55.847713+00:00,1780220935,48,-799,-593,
unpaired_n2,,,,,,2026-05-31T09:49:25.394510+00:00,1780220965,66,-328,-540,
unpaired_n2,,,,,,2026-05-31T09:49:55.721953+00:00,1780220994,987,-734,-807,
unpaired_n2,,,,,,2026-05-31T09:50:26.336074+00:00,1780221025,23,-1313,-1000,
unpaired_n2,,,,,,2026-05-31T09:50:56.335754+00:00,1780221055,281,-1054,-458,
unpaired_n2,,,,,,2026-05-31T09:51:10.221748+00:00,1780221069,185,-1036,0,
unpaired_n1,2026-05-31T09:51:15.523419+00:00,1780221074,487,-1036,0,,,,,,
paired,2026-05-31T09:51:25.866294+00:00,1780221085,321,-545,-1000,2026-05-31T09:51:26.385531+00:00,1780221085,320,-1065,-928,1
paired,2026-05-31T09:51:55.867077+00:00,1780221115,326,-541,-319,2026-05-31T09:51:56.385342+00:00,1780221115,324,-1061,-313,2
paired,2026-05-31T09:52:25.868810+00:00,1780221145,364,-504,-1000,2026-05-31T09:52:26.535333+00:00,1780221145,363,-1172,-1000,1
paired,2026-05-31T09:52:55.869603+00:00,1780221175,395,-474,-1000,2026-05-31T09:52:56.485032+00:00,1780221175,393,-1092,-744,2
paired,2026-05-31T09:53:25.871352+00:00,1780221205,413,-458,-627,2026-05-31T09:53:26.484988+00:00,1780221205,412,-1072,-463,1
paired,2026-05-31T09:53:55.872129+00:00,1780221235,446,-426,-595,2026-05-31T09:53:56.584790+00:00,1780221235,445,-1139,-496,1
paired,2026-05-31T09:54:25.872929+00:00,1780221265,484,-388,-372,2026-05-31T09:54:26.534439+00:00,1780221265,483,-1051,-316,1
paired,2026-05-31T09:54:55.874685+00:00,1780221294,948,-926,-1000,2026-05-31T09:54:56.584236+00:00,1780221294,946,-1638,-1000,2
paired,2026-05-31T09:55:25.875474+00:00,1780221324,972,-903,-1000,2026-05-31T09:55:26.684096+00:00,1780221324,971,-1713,-1000,1
paired,2026-05-31T09:55:55.877216+00:00,1780221355,597,-280,-1000,2026-05-31T09:55:56.633906+00:00,1780221355,596,-1037,-905,1
paired,2026-05-31T09:56:25.877963+00:00,1780221385,608,-269,-836,2026-05-31T09:56:26.438440+00:00,1780221385,607,-831,-1000,1
paired,2026-05-31T09:56:55.878695+00:00,1780221415,594,-284,-635,2026-05-31T09:56:55.974688+00:00,1780221415,592,-382,-936,2
paired,2026-05-31T09:57:25.880522+00:00,1780221445,602,-278,-516,2026-05-31T09:57:26.683337+00:00,1780221445,601,-1082,-224,1
paired,2026-05-31T09:57:55.881182+00:00,1780221475,414,-467,-523,2026-05-31T09:57:56.683141+00:00,1780221475,412,-1271,-873,2
paired,2026-05-31T09:58:25.882905+00:00,1780221505,427,-455,-514,2026-05-31T09:58:26.682834+00:00,1780221505,425,-1257,1000,2
paired,2026-05-31T09:58:55.883693+00:00,1780221535,676,-207,-407,2026-05-31T09:58:56.682695+00:00,1780221535,674,-1008,1000,2
paired,2026-05-31T09:59:25.884364+00:00,1780221565,678,-206,-323,2026-05-31T09:59:26.782435+00:00,1780221565,677,-1105,-602,1
paired,2026-05-31T09:59:55.886109+00:00,1780221595,665,-221,-293,2026-05-31T09:59:56.782097+00:00,1780221595,664,-1118,-338,1
paired,2026-05-31T10:00:25.886813+00:00,1780221625,687,-199,-261,2026-05-31T10:00:26.732043+00:00,1780221625,686,-1046,-438,1
paired,2026-05-31T10:00:55.888460+00:00,1780221655,712,-176,-229,2026-05-31T10:00:56.781527+00:00,1780221655,711,-1070,-71,1
paired,2026-05-31T10:01:25.889151+00:00,1780221685,745,-144,-206,2026-05-31T10:01:26.831216+00:00,1780221685,744,-1087,1000,1
paired,2026-05-31T10:01:55.890878+00:00,1780221715,755,-135,-174,2026-05-31T10:01:56.780941+00:00,1780221715,754,-1026,1000,1
paired,2026-05-31T10:02:26.931531+00:00,1780221745,777,-1154,-172,2026-05-31T10:02:26.774597+00:00,1780221745,776,-998,-526,1
paired,2026-05-31T10:02:55.892187+00:00,1780221775,793,-99,-149,2026-05-31T10:02:56.305784+00:00,1780221775,792,-513,109,1
paired,2026-05-31T10:03:25.893842+00:00,1780221805,794,-99,-130,2026-05-31T10:03:25.869800+00:00,1780221805,793,-76,272,1
paired,2026-05-31T10:03:55.894519+00:00,1780221835,832,-62,-116,2026-05-31T10:03:56.879835+00:00,1780221835,831,-1048,-168,1
paired,2026-05-31T10:04:25.895144+00:00,1780221865,861,-34,-99,2026-05-31T10:04:26.876780+00:00,1780221865,859,-1017,84,2
paired,2026-05-31T10:04:56.979788+00:00,1780221895,858,-1121,-98,2026-05-31T10:04:56.978999+00:00,1780221895,857,-1121,102,1
paired,2026-05-31T10:05:26.979423+00:00,1780221925,863,-1116,-96,2026-05-31T10:05:26.978546+00:00,1780221925,862,-1116,-375,1
paired,2026-05-31T10:05:56.929084+00:00,1780221955,929,-1000,-82,2026-05-31T10:05:56.928265+00:00,1780221955,927,-1001,612,2
paired,2026-05-31T10:06:26.928758+00:00,1780221985,931,-997,-69,2026-05-31T10:06:26.927931+00:00,1780221985,930,-997,279,1
paired,2026-05-31T10:06:57.028461+00:00,1780222015,956,-1072,-41,2026-05-31T10:06:57.027695+00:00,1780222015,955,-1072,-100,1
paired,2026-05-31T10:07:27.128104+00:00,1780222045,995,-1133,-50,2026-05-31T10:07:27.077363+00:00,1780222045,994,-1083,-70,1
paired,2026-05-31T10:07:57.077806+00:00,1780222075,964,-1113,127,2026-05-31T10:07:57.077001+00:00,1780222075,963,-1114,-349,1
paired,2026-05-31T10:08:27.100400+00:00,1780222105,993,-1107,76,2026-05-31T10:08:27.085542+00:00,1780222105,992,-1093,225,1
paired,2026-05-31T10:08:57.043988+00:00,1780222136,26,-1017,-24,2026-05-31T10:08:56.617620+00:00,1780222136,25,-592,228,1
paired,2026-05-31T10:09:27.142580+00:00,1780222166,65,-1077,80,2026-05-31T10:09:26.180136+00:00,1780222166,64,-116,-534,1
paired,2026-05-31T10:09:57.091748+00:00,1780222196,90,-1001,-50,2026-05-31T10:09:57.091305+00:00,1780222196,89,-1002,-501,1
paired,2026-05-31T10:10:27.191088+00:00,1780222226,130,-1061,880,2026-05-31T10:10:27.190644+00:00,1780222226,129,-1061,-32,1
paired,2026-05-31T10:10:57.140469+00:00,1780222256,157,-983,1000,2026-05-31T10:10:57.139898+00:00,1780222256,156,-983,144,1
paired,2026-05-31T10:11:27.189833+00:00,1780222286,175,-1014,-59,2026-05-31T10:11:27.189288+00:00,1780222286,174,-1015,386,1
paired,2026-05-31T10:11:57.189197+00:00,1780222316,169,-1020,-76,2026-05-31T10:11:57.188742+00:00,1780222316,168,-1020,537,1
paired,2026-05-31T10:12:27.238566+00:00,1780222346,201,-1037,-53,2026-05-31T10:12:27.238071+00:00,1780222346,200,-1038,-52,1
paired,2026-05-31T10:12:57.287930+00:00,1780222376,260,-1027,14,2026-05-31T10:12:57.284725+00:00,1780222376,259,-1025,5,1
paired,2026-05-31T10:13:27.337260+00:00,1780222406,277,-1060,310,2026-05-31T10:13:27.356905+00:00,1780222406,276,-1080,-230,1
paired,2026-05-31T10:13:57.336644+00:00,1780222436,261,-1075,285,2026-05-31T10:13:57.336239+00:00,1780222436,260,-1076,87,1
paired,2026-05-31T10:14:27.436951+00:00,1780222466,300,-1136,-119,2026-05-31T10:14:27.385722+00:00,1780222466,299,-1086,-520,1
paired,2026-05-31T10:14:57.436301+00:00,1780222496,352,-1084,-129,2026-05-31T10:14:56.959343+00:00,1780222496,351,-608,-290,1
paired,2026-05-31T10:15:27.384728+00:00,1780222526,391,-993,54,2026-05-31T10:15:26.503546+00:00,1780222526,390,-113,-161,1
paired,2026-05-31T10:15:57.434164+00:00,1780222556,413,-1021,21,2026-05-31T10:15:57.434053+00:00,1780222556,412,-1022,-6,1
paired,2026-05-31T10:16:27.483473+00:00,1780222586,420,-1063,-21,2026-05-31T10:16:27.483318+00:00,1780222586,419,-1064,-104,1
paired,2026-05-31T10:16:57.482833+00:00,1780222616,435,-1047,4,2026-05-31T10:16:57.482673+00:00,1780222616,434,-1048,112,1
paired,2026-05-31T10:17:27.432215+00:00,1780222646,439,-993,-86,2026-05-31T10:17:27.432049+00:00,1780222646,438,-994,303,1
paired,2026-05-31T10:17:57.481646+00:00,1780222676,440,-1041,115,2026-05-31T10:17:57.481597+00:00,1780222676,439,-1042,360,1
paired,2026-05-31T10:18:27.582606+00:00,1780222706,469,-1113,-78,2026-05-31T10:18:27.581105+00:00,1780222706,468,-1113,-129,1
paired,2026-05-31T10:18:57.531265+00:00,1780222736,475,-1056,-81,2026-05-31T10:18:57.530334+00:00,1780222736,474,-1056,-427,1
paired,2026-05-31T10:19:27.530599+00:00,1780222766,499,-1031,-62,2026-05-31T10:19:27.529603+00:00,1780222766,497,-1032,-211,2
paired,2026-05-31T10:19:57.579950+00:00,1780222796,534,-1045,-108,2026-05-31T10:19:57.579019+00:00,1780222796,533,-1046,71,1
paired,2026-05-31T10:20:27.578360+00:00,1780222826,548,-1030,55,2026-05-31T10:20:27.668225+00:00,1780222826,547,-1121,-5,1
paired,2026-05-31T10:20:57.577695+00:00,1780222856,599,-978,51,2026-05-31T10:20:57.327544+00:00,1780222856,598,-729,-427,1
paired,2026-05-31T10:21:27.678041+00:00,1780222886,605,-1073,-136,2026-05-31T10:21:26.870474+00:00,1780222886,604,-266,-131,1
paired,2026-05-31T10:21:57.627385+00:00,1780222916,596,-1031,-138,2026-05-31T10:21:57.664679+00:00,1780222916,594,-1070,219,2
paired,2026-05-31T10:22:27.726766+00:00,1780222946,628,-1098,-25,2026-05-31T10:22:27.670419+00:00,1780222946,627,-1043,-214,1
paired,2026-05-31T10:22:57.726085+00:00,1780222976,662,-1064,68,2026-05-31T10:22:57.684912+00:00,1780222976,661,-1023,-361,1
paired,2026-05-31T10:23:27.725453+00:00,1780223006,687,-1038,38,2026-05-31T10:23:27.687934+00:00,1780223006,686,-1001,-211,1
paired,2026-05-31T10:23:57.724759+00:00,1780223036,691,-1033,70,2026-05-31T10:23:57.712816+00:00,1780223036,690,-1022,-242,1
paired,2026-05-31T10:24:27.724095+00:00,1780223066,704,-1020,-59,2026-05-31T10:24:27.713093+00:00,1780223066,703,-1010,169,1
paired,2026-05-31T10:24:57.723492+00:00,1780223096,696,-1027,38,2026-05-31T10:24:57.725639+00:00,1780223096,695,-1030,106,1
paired,2026-05-31T10:25:27.822810+00:00,1780223126,709,-1113,-88,2026-05-31T10:25:27.728385+00:00,1780223126,708,-1020,422,1
paired,2026-05-31T10:25:57.822159+00:00,1780223156,777,-1045,6,2026-05-31T10:25:57.731217+00:00,1780223156,776,-955,229,1
paired,2026-05-31T10:26:27.821502+00:00,1780223186,816,-1005,-112,2026-05-31T10:26:27.734564+00:00,1780223186,815,-919,84,1
paired,2026-05-31T10:26:57.920885+00:00,1780223216,826,-1094,-68,2026-05-31T10:26:57.670976+00:00,1780223216,824,-846,-166,2
paired,2026-05-31T10:27:27.920191+00:00,1780223246,834,-1086,-63,2026-05-31T10:27:27.205683+00:00,1780223246,832,-373,-248,2
paired,2026-05-31T10:27:57.919550+00:00,1780223276,858,-1061,-37,2026-05-31T10:27:57.745987+00:00,1780223276,857,-888,-334,1
paired,2026-05-31T10:28:27.918831+00:00,1780223306,891,-1027,-49,2026-05-31T10:28:27.746378+00:00,1780223306,890,-856,117,1
paired,2026-05-31T10:28:57.968182+00:00,1780223336,920,-1048,2,2026-05-31T10:28:57.749357+00:00,1780223336,919,-830,383,1
paired,2026-05-31T10:29:27.967455+00:00,1780223366,930,-1037,26,2026-05-31T10:29:27.752269+00:00,1780223366,929,-823,-47,1
paired,2026-05-31T10:29:58.066879+00:00,1780223396,979,-1087,118,2026-05-31T10:29:57.758039+00:00,1780223396,978,-780,-377,1
paired,2026-05-31T10:30:28.116233+00:00,1780223427,14,-1102,30,2026-05-31T10:30:27.758178+00:00,1780223427,13,-745,250,1
paired,2026-05-31T10:30:58.065522+00:00,1780223457,15,-1050,-111,2026-05-31T10:30:57.761185+00:00,1780223457,14,-747,197,1
paired,2026-05-31T10:31:28.114825+00:00,1780223487,48,-1066,-69,2026-05-31T10:31:27.764191+00:00,1780223487,47,-717,2,1
paired,2026-05-31T10:31:58.164168+00:00,1780223517,83,-1081,-5,2026-05-31T10:31:57.769883+00:00,1780223517,82,-687,-268,1
paired,2026-05-31T10:32:28.113483+00:00,1780223547,123,-990,-25,2026-05-31T10:32:27.770279+00:00,1780223547,121,-649,-16,2
paired,2026-05-31T10:32:58.163026+00:00,1780223577,118,-1045,-110,2026-05-31T10:32:57.899680+00:00,1780223577,117,-782,-73,1
paired,2026-05-31T10:33:28.162412+00:00,1780223607,122,-1040,-32,2026-05-31T10:33:27.544700+00:00,1780223607,121,-423,285,1
paired,2026-05-31T10:33:58.162315+00:00,1780223637,122,-1040,80,2026-05-31T10:33:58.161705+00:00,1780223637,121,-1040,60,1
paired,2026-05-31T10:34:28.211330+00:00,1780223667,137,-1074,-11,2026-05-31T10:34:27.782652+00:00,1780223667,135,-647,0,2
paired,2026-05-31T10:34:58.211603+00:00,1780223697,203,-1008,-46,2026-05-31T10:34:57.785862+00:00,1780223697,202,-583,94,1
paired,2026-05-31T10:35:28.261060+00:00,1780223727,206,-1055,-24,2026-05-31T10:35:27.789137+00:00,1780223727,205,-584,179,1
paired,2026-05-31T10:35:58.260516+00:00,1780223757,249,-1011,-43,2026-05-31T10:35:57.794577+00:00,1780223757,248,-546,-451,1
paired,2026-05-31T10:36:28.210038+00:00,1780223787,269,-941,-114,2026-05-31T10:36:27.795350+00:00,1780223787,268,-527,92,1
paired,2026-05-31T10:36:58.309439+00:00,1780223817,303,-1006,37,2026-05-31T10:36:57.798714+00:00,1780223817,301,-497,115,2
paired,2026-05-31T10:37:28.371163+00:00,1780223847,311,-1060,-22,2026-05-31T10:37:27.882378+00:00,1780223847,310,-572,172,1
paired,2026-05-31T10:37:58.471184+00:00,1780223877,313,-1158,79,2026-05-31T10:37:57.886034+00:00,1780223877,312,-574,296,1
paired,2026-05-31T10:38:28.471173+00:00,1780223907,337,-1134,20,2026-05-31T10:38:27.905884+00:00,1780223907,336,-569,113,1
paired,2026-05-31T10:38:58.421330+00:00,1780223937,376,-1045,-13,2026-05-31T10:38:57.920339+00:00,1780223937,375,-545,175,1
paired,2026-05-31T10:39:28.471394+00:00,1780223967,439,-1032,-12,2026-05-31T10:39:27.936384+00:00,1780223967,438,-498,309,1
paired,2026-05-31T10:39:58.572046+00:00,1780223997,459,-1113,-34,2026-05-31T10:39:58.571464+00:00,1780223997,458,-1113,-557,1
paired,2026-05-31T10:40:28.572145+00:00,1780224027,443,-1129,-24,2026-05-31T10:40:28.571457+00:00,1780224027,441,-1130,-181,2
paired,2026-05-31T10:40:58.522457+00:00,1780224057,462,-1060,116,2026-05-31T10:40:57.948919+00:00,1780224057,461,-487,-179,1
paired,2026-05-31T10:41:28.571532+00:00,1780224087,518,-1053,13,2026-05-31T10:41:27.950078+00:00,1780224087,517,-433,545,1
paired,2026-05-31T10:41:58.572557+00:00,1780224117,533,-1039,-42,2026-05-31T10:41:57.953922+00:00,1780224117,532,-421,458,1
paired,2026-05-31T10:42:28.672536+00:00,1780224147,542,-1130,97,2026-05-31T10:42:27.960335+00:00,1780224147,541,-419,-237,1
paired,2026-05-31T10:42:58.672654+00:00,1780224177,548,-1124,81,2026-05-31T10:42:57.963789+00:00,1780224177,547,-416,-313,1
paired,2026-05-31T10:43:28.622989+00:00,1780224207,604,-1018,51,2026-05-31T10:43:27.965065+00:00,1780224207,603,-362,333,1
paired,2026-05-31T10:43:58.672718+00:00,1780224237,644,-1028,4,2026-05-31T10:43:57.969049+00:00,1780224237,643,-326,520,1
paired,2026-05-31T10:44:28.672822+00:00,1780224267,602,-1070,40,2026-05-31T10:44:27.972807+00:00,1780224267,601,-371,33,1
paired,2026-05-31T10:44:58.722855+00:00,1780224297,620,-1102,23,2026-05-31T10:44:57.976726+00:00,1780224297,619,-357,-84,1
paired,2026-05-31T10:45:11.556842+00:00,1780224310,791,-765,0,2026-05-31T10:45:10.209032+00:00,1780224309,139,-1070,0,1652
unpaired_n1,2026-05-31T10:45:21.570044+00:00,1780224320,841,-729,1000,,,,,,
paired,2026-05-31T10:45:28.823218+00:00,1780224327,650,-1173,-500,2026-05-31T10:45:28.822601+00:00,1780224327,649,-1173,-1000,1
paired,2026-05-31T10:45:58.723135+00:00,1780224357,675,-1048,1000,2026-05-31T10:45:58.679443+00:00,1780224357,674,-1005,8,1
paired,2026-05-31T10:46:28.823129+00:00,1780224387,719,-1104,693,2026-05-31T10:46:28.215843+00:00,1780224387,718,-497,259,1
paired,2026-05-31T10:46:58.823884+00:00,1780224417,743,-1080,580,2026-05-31T10:46:58.823278+00:00,1780224417,741,-1082,121,2
paired,2026-05-31T10:47:28.874147+00:00,1780224447,766,-1108,390,2026-05-31T10:47:28.873272+00:00,1780224447,765,-1108,-20,1
paired,2026-05-31T10:47:58.824271+00:00,1780224477,768,-1056,422,2026-05-31T10:47:58.923527+00:00,1780224477,767,-1156,-189,1
paired,2026-05-31T10:48:28.924301+00:00,1780224507,819,-1105,321,2026-05-31T10:48:28.923717+00:00,1780224507,818,-1105,-158,1
paired,2026-05-31T10:48:58.924578+00:00,1780224537,823,-1101,263,2026-05-31T10:48:58.923866+00:00,1780224537,822,-1101,456,1
paired,2026-05-31T10:49:28.874545+00:00,1780224567,849,-1025,311,2026-05-31T10:49:28.924247+00:00,1780224567,848,-1076,-345,1
paired,2026-05-31T10:49:59.024923+00:00,1780224597,888,-1136,226,2026-05-31T10:49:59.024145+00:00,1780224597,887,-1137,-367,1
paired,2026-05-31T10:50:28.974757+00:00,1780224627,857,-1117,184,2026-05-31T10:50:28.924521+00:00,1780224627,855,-1069,-118,2
paired,2026-05-31T10:50:58.975119+00:00,1780224657,858,-1117,154,2026-05-31T10:50:58.972510+00:00,1780224657,857,-1115,41,1
paired,2026-05-31T10:51:28.925381+00:00,1780224687,885,-1040,175,2026-05-31T10:51:28.924869+00:00,1780224687,884,-1040,477,1
paired,2026-05-31T10:51:59.024916+00:00,1780224717,898,-1126,145,2026-05-31T10:51:59.018551+00:00,1780224717,896,-1122,78,2
paired,2026-05-31T10:52:28.975926+00:00,1780224747,934,-1041,158,2026-05-31T10:52:28.554850+00:00,1780224747,932,-622,141,2
paired,2026-05-31T10:52:58.975858+00:00,1780224777,936,-1039,167,2026-05-31T10:52:58.119648+00:00,1780224777,935,-184,-34,1
paired,2026-05-31T10:53:29.025893+00:00,1780224807,970,-1055,167,2026-05-31T10:53:29.025061+00:00,1780224807,969,-1056,421,1
paired,2026-05-31T10:53:59.026014+00:00,1780224837,973,-1053,166,2026-05-31T10:53:59.022834+00:00,1780224837,972,-1050,10,1
paired,2026-05-31T10:54:29.076014+00:00,1780224867,983,-1093,153,2026-05-31T10:54:29.075259+00:00,1780224867,982,-1093,301,1
paired,2026-05-31T10:54:59.025942+00:00,1780224897,992,-1033,156,2026-05-31T10:54:59.025379+00:00,1780224897,991,-1034,-148,1
paired,2026-05-31T10:55:29.076005+00:00,1780224928,30,-1046,156,2026-05-31T10:55:29.125416+00:00,1780224928,29,-1096,396,1
paired,2026-05-31T10:55:59.076226+00:00,1780224958,59,-1017,160,2026-05-31T10:55:59.075526+00:00,1780224958,57,-1018,-95,2
paired,2026-05-31T10:56:29.126379+00:00,1780224988,64,-1062,154,2026-05-31T10:56:29.125527+00:00,1780224988,63,-1062,219,1
paired,2026-05-31T10:56:59.176122+00:00,1780225018,99,-1077,146,2026-05-31T10:56:59.297254+00:00,1780225018,97,-1200,-205,2
paired,2026-05-31T10:57:29.277096+00:00,1780225048,142,-1135,130,2026-05-31T10:57:29.225835+00:00,1780225048,141,-1084,-238,1
paired,2026-05-31T10:57:59.226238+00:00,1780225078,157,-1069,126,2026-05-31T10:57:59.262439+00:00,1780225078,156,-1106,47,1
paired,2026-05-31T10:58:29.226287+00:00,1780225108,134,-1092,119,2026-05-31T10:58:28.908000+00:00,1780225108,133,-775,-370,1
unpaired_n1,2026-05-31T10:58:42.512248+00:00,1780225121,463,-1049,0,,,,,,
unpaired_n2,,,,,,2026-05-31T10:58:44.564918+00:00,1780225123,515,-1049,0,
paired,2026-05-31T10:58:58.793354+00:00,1780225138,150,-643,-1000,2026-05-31T10:58:58.559183+00:00,1780225138,151,-408,-955,-1
paired,2026-05-31T10:59:28.794431+00:00,1780225168,159,-635,-827,2026-05-31T10:59:28.562881+00:00,1780225168,161,-401,-173,-2
paired,2026-05-31T10:59:58.796414+00:00,1780225198,198,-598,-372,2026-05-31T10:59:58.579059+00:00,1780225198,200,-379,-193,-2
paired,2026-05-31T11:00:28.797597+00:00,1780225228,199,-598,-498,2026-05-31T11:00:28.583010+00:00,1780225228,200,-383,-443,-1
paired,2026-05-31T11:00:58.799493+00:00,1780225258,217,-582,-238,2026-05-31T11:00:58.586511+00:00,1780225258,218,-368,-210,-1
paired,2026-05-31T11:01:28.800854+00:00,1780225288,244,-556,-183,2026-05-31T11:01:28.590194+00:00,1780225288,246,-344,-167,-2
paired,2026-05-31T11:01:58.801775+00:00,1780225318,279,-522,-83,2026-05-31T11:01:58.594104+00:00,1780225318,280,-314,-74,-1
paired,2026-05-31T11:02:28.803671+00:00,1780225348,288,-515,-162,2026-05-31T11:02:28.606077+00:00,1780225348,289,-317,-80,-1
paired,2026-05-31T11:02:58.805660+00:00,1780225378,302,-503,-182,2026-05-31T11:02:58.534401+00:00,1780225378,303,-231,-213,-1
paired,2026-05-31T11:03:28.806764+00:00,1780225408,316,-490,-222,2026-05-31T11:03:29.052715+00:00,1780225408,317,-735,-167,-1
paired,2026-05-31T11:03:58.807681+00:00,1780225438,343,-464,-142,2026-05-31T11:03:58.608734+00:00,1780225438,344,-264,274,-1
paired,2026-05-31T11:04:28.809647+00:00,1780225468,346,-463,-251,2026-05-31T11:04:28.612452+00:00,1780225468,347,-265,-94,-1
paired,2026-05-31T11:04:58.810738+00:00,1780225498,369,-441,-221,2026-05-31T11:04:58.616217+00:00,1780225498,370,-246,-74,-1
paired,2026-05-31T11:05:28.819080+00:00,1780225528,410,-409,-177,2026-05-31T11:05:28.625380+00:00,1780225528,412,-213,-257,-2
paired,2026-05-31T11:05:58.839313+00:00,1780225558,413,-426,-185,2026-05-31T11:05:58.649031+00:00,1780225558,414,-235,400,-1
paired,2026-05-31T11:06:28.844293+00:00,1780225588,460,-384,-153,2026-05-31T11:06:28.655828+00:00,1780225588,462,-193,344,-2
paired,2026-05-31T11:06:58.846076+00:00,1780225618,488,-358,-135,2026-05-31T11:06:58.660206+00:00,1780225618,489,-171,222,-1
paired,2026-05-31T11:07:28.847468+00:00,1780225648,470,-377,-125,2026-05-31T11:07:28.664065+00:00,1780225648,471,-193,-347,-1
paired,2026-05-31T11:07:58.849802+00:00,1780225678,496,-353,-110,2026-05-31T11:07:58.668192+00:00,1780225678,497,-171,-364,-1
paired,2026-05-31T11:08:28.851107+00:00,1780225708,503,-348,-96,2026-05-31T11:08:28.680538+00:00,1780225708,505,-175,510,-2
paired,2026-05-31T11:08:58.853343+00:00,1780225738,516,-337,-103,2026-05-31T11:08:58.795997+00:00,1780225738,518,-277,-239,-2
paired,2026-05-31T11:09:28.854749+00:00,1780225768,525,-329,-107,2026-05-31T11:09:29.430260+00:00,1780225768,526,-904,-353,-1
paired,2026-05-31T11:09:58.856915+00:00,1780225798,528,-328,-108,2026-05-31T11:09:59.450622+00:00,1780225798,529,-921,-415,-1
paired,2026-05-31T11:10:28.858357+00:00,1780225828,545,-313,-106,2026-05-31T11:10:29.712735+00:00,1780225828,546,-1166,-288,-1
paired,2026-05-31T11:10:58.859763+00:00,1780225858,553,-306,-110,2026-05-31T11:10:59.713067+00:00,1780225858,554,-1159,-172,-1
paired,2026-05-31T11:11:28.861978+00:00,1780225888,571,-290,-118,2026-05-31T11:11:29.713437+00:00,1780225888,572,-1141,-313,-1
paired,2026-05-31T11:11:58.864253+00:00,1780225918,587,-277,-108,2026-05-31T11:11:59.714122+00:00,1780225918,588,-1126,-303,-1
paired,2026-05-31T11:12:28.865596+00:00,1780225948,644,-221,-99,2026-05-31T11:12:29.814269+00:00,1780225948,645,-1169,273,-1
paired,2026-05-31T11:12:59.859969+00:00,1780225978,676,-1183,-98,2026-05-31T11:12:59.764621+00:00,1780225978,677,-1087,347,-1
paired,2026-05-31T11:13:28.869209+00:00,1780226008,732,-137,-81,2026-05-31T11:13:29.865336+00:00,1780226008,733,-1132,356,-1
paired,2026-05-31T11:13:58.870635+00:00,1780226038,743,-127,-75,2026-05-31T11:13:59.721565+00:00,1780226038,744,-977,278,-1
paired,2026-05-31T11:14:28.872916+00:00,1780226068,750,-122,109,2026-05-31T11:14:29.866374+00:00,1780226068,752,-1114,261,-2
paired,2026-05-31T11:14:59.962260+00:00,1780226098,783,-1179,-68,2026-05-31T11:14:59.763175+00:00,1780226098,785,-978,47,-2
paired,2026-05-31T11:15:29.962631+00:00,1780226128,804,-1158,-51,2026-05-31T11:15:29.784084+00:00,1780226128,805,-979,-96,-1
paired,2026-05-31T11:15:58.877950+00:00,1780226158,820,-57,36,2026-05-31T11:15:59.804529+00:00,1780226158,821,-983,338,-1
paired,2026-05-31T11:16:29.963380+00:00,1780226187,428,-2535,-208,2026-05-31T11:16:29.825182+00:00,1780226187,429,-2396,-1000,-1
paired,2026-05-31T11:16:59.964576+00:00,1780226217,463,-2501,-301,2026-05-31T11:16:59.845691+00:00,1780226217,464,-2381,-1000,-1
paired,2026-05-31T11:17:30.114954+00:00,1780226248,839,-1275,-360,2026-05-31T11:17:29.866183+00:00,1780226248,840,-1026,-1000,-1
paired,2026-05-31T11:17:47.654337+00:00,1780226266,494,-1160,0,2026-05-31T11:17:45.707669+00:00,1780226264,692,-1015,0,1802
paired,2026-05-31T11:17:59.900363+00:00,1780226278,856,-1044,1000,2026-05-31T11:17:59.704031+00:00,1780226278,854,-850,-1000,2
paired,2026-05-31T11:18:29.902642+00:00,1780226308,895,-1007,1000,2026-05-31T11:18:29.708043+00:00,1780226308,894,-814,-1000,1
paired,2026-05-31T11:18:59.904060+00:00,1780226338,910,-994,862,2026-05-31T11:18:59.720371+00:00,1780226338,908,-812,-769,2
paired,2026-05-31T11:19:29.906352+00:00,1780226368,944,-962,646,2026-05-31T11:19:29.724350+00:00,1780226368,942,-782,-318,2
paired,2026-05-31T11:19:59.907775+00:00,1780226398,962,-945,395,2026-05-31T11:19:59.728458+00:00,1780226398,960,-768,-278,2
paired,2026-05-31T11:20:29.910032+00:00,1780226429,6,-904,392,2026-05-31T11:20:29.732432+00:00,1780226429,5,-727,-126,1
paired,2026-05-31T11:20:59.911315+00:00,1780226459,8,-903,371,2026-05-31T11:20:59.728179+00:00,1780226459,7,-721,-48,1
paired,2026-05-31T11:21:29.912836+00:00,1780226489,13,-899,354,2026-05-31T11:21:29.743468+00:00,1780226489,11,-732,598,2
paired,2026-05-31T11:21:59.915059+00:00,1780226519,28,-887,230,2026-05-31T11:21:59.647676+00:00,1780226519,27,-620,239,1
paired,2026-05-31T11:22:29.916331+00:00,1780226548,899,-1017,29,2026-05-31T11:22:30.192052+00:00,1780226548,898,-1294,-157,1
paired,2026-05-31T11:22:59.918676+00:00,1780226578,910,-1008,-84,2026-05-31T11:22:59.752739+00:00,1780226578,908,-844,-632,2
paired,2026-05-31T11:23:29.920102+00:00,1780226609,106,-814,-21,2026-05-31T11:23:29.751081+00:00,1780226609,104,-647,-296,2
paired,2026-05-31T11:23:59.921363+00:00,1780226639,126,-795,31,2026-05-31T11:23:59.755068+00:00,1780226639,125,-630,-448,1
paired,2026-05-31T11:24:29.923800+00:00,1780226669,164,-759,36,2026-05-31T11:24:29.764673+00:00,1780226669,163,-601,-429,1
paired,2026-05-31T11:24:59.925034+00:00,1780226699,198,-727,54,2026-05-31T11:24:59.768846+00:00,1780226699,197,-571,-342,1
paired,2026-05-31T11:25:29.927282+00:00,1780226729,238,-689,62,2026-05-31T11:25:29.772868+00:00,1780226729,237,-535,309,1
paired,2026-05-31T11:25:59.928701+00:00,1780226759,273,-655,97,2026-05-31T11:25:59.776805+00:00,1780226759,272,-504,1000,1
paired,2026-05-31T11:26:29.931083+00:00,1780226789,306,-625,101,2026-05-31T11:26:29.775024+00:00,1780226789,305,-470,1000,1
paired,2026-05-31T11:26:59.932438+00:00,1780226819,310,-622,105,2026-05-31T11:26:59.776635+00:00,1780226819,309,-467,19,1
paired,2026-05-31T11:27:29.934628+00:00,1780226849,325,-609,110,2026-05-31T11:27:29.780697+00:00,1780226849,324,-456,-82,1
paired,2026-05-31T11:27:59.935920+00:00,1780226879,365,-570,112,2026-05-31T11:27:59.891019+00:00,1780226879,364,-527,352,1
paired,2026-05-31T11:28:29.938294+00:00,1780226909,394,-544,98,2026-05-31T11:28:30.543700+00:00,1780226909,393,-1150,16,1
paired,2026-05-31T11:28:59.939685+00:00,1780226939,419,-520,110,2026-05-31T11:29:00.476372+00:00,1780226939,417,-1059,194,2
paired,2026-05-31T11:29:29.941013+00:00,1780226969,298,-643,89,2026-05-31T11:29:29.796486+00:00,1780226969,296,-500,100,2
paired,2026-05-31T11:29:59.943295+00:00,1780226999,320,-623,76,2026-05-31T11:29:59.803277+00:00,1780226999,319,-484,-254,1
paired,2026-05-31T11:30:29.945564+00:00,1780227029,456,-489,84,2026-05-31T11:30:29.807411+00:00,1780227029,455,-352,-502,1
paired,2026-05-31T11:30:59.946893+00:00,1780227059,481,-465,87,2026-05-31T11:30:59.811289+00:00,1780227059,480,-331,-281,1
paired,2026-05-31T11:31:29.949241+00:00,1780227089,521,-428,95,2026-05-31T11:31:29.827852+00:00,1780227089,519,-308,-69,2
paired,2026-05-31T11:31:59.950730+00:00,1780227119,554,-396,99,2026-05-31T11:31:59.831737+00:00,1780227119,553,-278,509,1
paired,2026-05-31T11:32:29.894467+00:00,1780227149,515,-379,92,2026-05-31T11:32:29.809437+00:00,1780227149,513,-296,-553,2
paired,2026-05-31T11:32:59.896203+00:00,1780227179,548,-348,89,2026-05-31T11:32:59.810435+00:00,1780227179,547,-263,453,1
paired,2026-05-31T11:33:29.897971+00:00,1780227209,601,-296,-14,2026-05-31T11:33:29.826941+00:00,1780227209,600,-226,249,1
paired,2026-05-31T11:33:59.898882+00:00,1780227239,640,-258,-70,2026-05-31T11:33:59.841215+00:00,1780227239,639,-202,-559,1
paired,2026-05-31T11:34:29.899762+00:00,1780227269,657,-242,71,2026-05-31T11:34:29.831667+00:00,1780227269,655,-176,66,2
paired,2026-05-31T11:34:59.901520+00:00,1780227299,691,-210,16,2026-05-31T11:35:00.771459+00:00,1780227299,689,-1082,-526,2
paired,2026-05-31T11:35:29.902310+00:00,1780227329,710,-192,74,2026-05-31T11:35:30.721128+00:00,1780227329,708,-1013,-287,2
paired,2026-05-31T11:35:59.904152+00:00,1780227359,738,-166,9,2026-05-31T11:35:59.851428+00:00,1780227359,736,-115,1000,2
paired,2026-05-31T11:36:29.905064+00:00,1780227389,729,-176,10,2026-05-31T11:36:29.852718+00:00,1780227389,728,-124,889,1
paired,2026-05-31T11:36:59.906722+00:00,1780227419,765,-141,2,2026-05-31T11:36:59.856372+00:00,1780227419,764,-92,522,1
paired,2026-05-31T11:37:29.907737+00:00,1780227449,783,-124,136,2026-05-31T11:37:29.860355+00:00,1780227449,782,-78,-69,1
paired,2026-05-31T11:37:59.909414+00:00,1780227479,817,-92,348,2026-05-31T11:37:59.865646+00:00,1780227479,816,-49,-116,1
paired,2026-05-31T11:38:29.910349+00:00,1780227509,792,-118,335,2026-05-31T11:38:29.866526+00:00,1780227509,791,-75,338,1
paired,2026-05-31T11:38:59.911210+00:00,1780227539,801,-110,23,2026-05-31T11:39:00.870628+00:00,1780227539,799,-1071,-188,2
paired,2026-05-31T11:39:29.912841+00:00,1780227569,859,-53,-3,2026-05-31T11:39:30.972412+00:00,1780227569,858,-1114,3,1
paired,2026-05-31T11:40:00.970929+00:00,1780227599,883,-1087,90,2026-05-31T11:40:00.970450+00:00,1780227599,882,-1088,-30,1
paired,2026-05-31T11:40:30.970472+00:00,1780227629,889,-1081,34,2026-05-31T11:40:30.941730+00:00,1780227629,888,-1053,-2,1
paired,2026-05-31T11:41:00.970490+00:00,1780227659,918,-1052,50,2026-05-31T11:41:00.919984+00:00,1780227659,917,-1002,-48,1
paired,2026-05-31T11:41:30.970461+00:00,1780227689,938,-1032,-81,2026-05-31T11:41:30.970043+00:00,1780227689,936,-1034,-261,2
paired,2026-05-31T11:42:01.020206+00:00,1780227719,966,-1054,25,2026-05-31T11:42:01.019864+00:00,1780227719,965,-1054,-109,1
paired,2026-05-31T11:42:31.019918+00:00,1780227750,151,-868,37,2026-05-31T11:42:31.069854+00:00,1780227750,150,-919,386,1
paired,2026-05-31T11:43:01.019592+00:00,1780227780,170,-849,34,2026-05-31T11:43:01.019760+00:00,1780227780,169,-850,288,1
paired,2026-05-31T11:43:31.019521+00:00,1780227809,998,-1021,50,2026-05-31T11:43:31.019816+00:00,1780227809,997,-1022,765,1
paired,2026-05-31T11:44:01.020303+00:00,1780227840,1,-1019,166,2026-05-31T11:44:01.019553+00:00,1780227840,0,-1019,684,1
paired,2026-05-31T11:44:31.070028+00:00,1780227870,38,-1032,-31,2026-05-31T11:44:31.069404+00:00,1780227870,36,-1033,72,2
paired,2026-05-31T11:45:01.070033+00:00,1780227900,51,-1019,242,2026-05-31T11:45:01.069381+00:00,1780227900,49,-1020,228,2
paired,2026-05-31T11:45:31.119794+00:00,1780227930,51,-1068,204,2026-05-31T11:45:31.119307+00:00,1780227930,50,-1069,233,1
paired,2026-05-31T11:46:01.119666+00:00,1780227960,54,-1065,-14,2026-05-31T11:46:00.960808+00:00,1780227960,53,-907,-792,1
paired,2026-05-31T11:46:31.119576+00:00,1780227990,79,-1040,23,2026-05-31T11:46:31.119379+00:00,1780227990,78,-1041,-1000,1
paired,2026-05-31T11:47:01.219650+00:00,1780228020,116,-1103,-46,2026-05-31T11:47:01.219123+00:00,1780228020,115,-1104,-263,1
paired,2026-05-31T11:47:31.220089+00:00,1780228050,115,-1105,-26,2026-05-31T11:47:31.219202+00:00,1780228050,114,-1105,-374,1
paired,2026-05-31T11:48:01.218883+00:00,1780228080,128,-1090,110,2026-05-31T11:48:01.168828+00:00,1780228080,127,-1041,-245,1
paired,2026-05-31T11:48:31.218735+00:00,1780228110,187,-1031,58,2026-05-31T11:48:31.218841+00:00,1780228110,186,-1032,-281,1
paired,2026-05-31T11:49:01.269453+00:00,1780228140,227,-1042,133,2026-05-31T11:49:01.268585+00:00,1780228140,225,-1043,82,2
paired,2026-05-31T11:49:31.269264+00:00,1780228170,266,-1003,-6,2026-05-31T11:49:31.268550+00:00,1780228170,265,-1003,160,1
paired,2026-05-31T11:50:01.319086+00:00,1780228200,290,-1029,-32,2026-05-31T11:50:01.318373+00:00,1780228200,289,-1029,33,1
paired,2026-05-31T11:50:31.318905+00:00,1780228230,278,-1040,71,2026-05-31T11:50:31.318386+00:00,1780228230,277,-1041,470,1
paired,2026-05-31T11:51:01.318911+00:00,1780228260,317,-1001,-34,2026-05-31T11:51:01.368258+00:00,1780228260,315,-1053,459,2
paired,2026-05-31T11:51:31.369520+00:00,1780228289,240,-2129,-107,2026-05-31T11:51:31.368347+00:00,1780228289,239,-2129,-1000,1
paired,2026-05-31T11:52:01.418613+00:00,1780228319,265,-2153,-200,2026-05-31T11:52:01.304126+00:00,1780228319,264,-2040,-1000,1
paired,2026-05-31T11:52:31.469284+00:00,1780228349,293,-2176,-285,2026-05-31T11:52:31.468463+00:00,1780228349,292,-2176,-1000,1
paired,2026-05-31T11:53:01.519099+00:00,1780228380,395,-1124,-233,2026-05-31T11:53:01.179353+00:00,1780228380,394,-785,-1000,1
paired,2026-05-31T11:53:31.419031+00:00,1780228410,397,-1022,-354,2026-05-31T11:53:31.418263+00:00,1780228410,395,-1023,-1000,2
paired,2026-05-31T11:54:01.468828+00:00,1780228439,957,-1511,-350,2026-05-31T11:54:01.468229+00:00,1780228439,956,-1512,-1000,1
paired,2026-05-31T11:54:31.568892+00:00,1780228469,996,-1572,-326,2026-05-31T11:54:31.567997+00:00,1780228469,995,-1572,-1000,1
paired,2026-05-31T11:55:01.568567+00:00,1780228500,531,-1037,-406,2026-05-31T11:55:01.518101+00:00,1780228500,530,-988,1000,1
paired,2026-05-31T11:55:31.618488+00:00,1780228530,569,-1049,-273,2026-05-31T11:55:31.617696+00:00,1780228530,567,-1050,1000,2
paired,2026-05-31T11:56:01.618152+00:00,1780228560,585,-1033,-268,2026-05-31T11:56:01.617562+00:00,1780228560,584,-1033,1000,1
paired,2026-05-31T11:56:31.618061+00:00,1780228590,590,-1028,-299,2026-05-31T11:56:31.617531+00:00,1780228590,589,-1028,-311,1
paired,2026-05-31T11:57:01.767984+00:00,1780228620,308,-1459,-359,2026-05-31T11:57:01.717645+00:00,1780228620,307,-1410,-1000,1
paired,2026-05-31T11:57:31.718797+00:00,1780228650,347,-1371,-343,2026-05-31T11:57:31.717581+00:00,1780228650,346,-1371,1000,1
paired,2026-05-31T11:58:01.718666+00:00,1780228680,608,-1110,-627,2026-05-31T11:58:01.654762+00:00,1780228680,607,-1047,1000,1
paired,2026-05-31T11:58:31.718581+00:00,1780228710,638,-1080,-646,2026-05-31T11:58:31.192781+00:00,1780228710,637,-555,-1000,1
paired,2026-05-31T11:59:01.818277+00:00,1780228740,706,-1112,-363,2026-05-31T11:59:01.526581+00:00,1780228740,705,-821,-597,1
paired,2026-05-31T11:59:31.718109+00:00,1780228770,743,-975,-344,2026-05-31T11:59:31.717358+00:00,1780228770,742,-975,-419,1
paired,2026-05-31T12:00:01.778773+00:00,1780228800,756,-1022,-303,2026-05-31T12:00:01.778076+00:00,1780228800,755,-1023,-236,1
paired,2026-05-31T12:00:31.845476+00:00,1780228830,774,-1071,-307,2026-05-31T12:00:31.795119+00:00,1780228830,773,-1022,1000,1
paired,2026-05-31T12:01:01.848160+00:00,1780228860,765,-1083,-212,2026-05-31T12:01:01.847510+00:00,1780228860,764,-1083,1000,1
paired,2026-05-31T12:01:31.948819+00:00,1780228890,804,-1144,-208,2026-05-31T12:01:31.948090+00:00,1780228890,803,-1145,455,1
paired,2026-05-31T12:02:01.899511+00:00,1780228920,828,-1071,-230,2026-05-31T12:02:01.848396+00:00,1780228920,827,-1021,336,1
paired,2026-05-31T12:02:31.949645+00:00,1780228950,862,-1087,-114,2026-05-31T12:02:31.948533+00:00,1780228950,861,-1087,-173,1
paired,2026-05-31T12:03:01.899684+00:00,1780228980,693,-1206,-109,2026-05-31T12:03:01.898842+00:00,1780228980,691,-1207,-673,2
paired,2026-05-31T12:03:31.950238+00:00,1780229010,732,-1218,-126,2026-05-31T12:03:31.949050+00:00,1780229010,730,-1219,-645,2
paired,2026-05-31T12:04:01.949846+00:00,1780229040,922,-1027,-198,2026-05-31T12:04:01.999282+00:00,1780229040,921,-1078,-705,1
paired,2026-05-31T12:04:32.000152+00:00,1780229070,954,-1046,-163,2026-05-31T12:04:31.565717+00:00,1780229070,952,-613,-189,2
paired,2026-05-31T12:05:02.000133+00:00,1780229100,958,-1042,-204,2026-05-31T12:05:01.904373+00:00,1780229100,957,-947,338,1
paired,2026-05-31T12:05:32.050255+00:00,1780229130,997,-1053,-143,2026-05-31T12:05:31.440603+00:00,1780229130,996,-444,-407,1
paired,2026-05-31T12:06:02.050276+00:00,1780229161,12,-1038,-103,2026-05-31T12:06:02.049863+00:00,1780229161,11,-1038,143,1
paired,2026-05-31T12:06:32.101060+00:00,1780229191,46,-1055,-146,2026-05-31T12:06:32.100217+00:00,1780229191,45,-1055,1000,1
paired,2026-05-31T12:07:02.100858+00:00,1780229221,51,-1049,1000,2026-05-31T12:07:02.100223+00:00,1780229221,50,-1050,1000,1
paired,2026-05-31T12:07:32.101583+00:00,1780229251,54,-1047,1000,2026-05-31T12:07:32.100462+00:00,1780229251,53,-1047,203,1
paired,2026-05-31T12:08:02.101745+00:00,1780229281,75,-1026,1000,2026-05-31T12:08:02.100566+00:00,1780229281,74,-1026,35,1
paired,2026-05-31T12:08:32.201315+00:00,1780229311,113,-1088,102,2026-05-31T12:08:32.200849+00:00,1780229311,112,-1088,-68,1
paired,2026-05-31T12:09:02.251923+00:00,1780229341,133,-1118,-56,2026-05-31T12:09:02.151033+00:00,1780229341,132,-1019,61,1
paired,2026-05-31T12:09:32.201976+00:00,1780229371,162,-1039,730,2026-05-31T12:09:32.201201+00:00,1780229371,161,-1040,-25,1
paired,2026-05-31T12:10:02.252054+00:00,1780229401,209,-1043,835,2026-05-31T12:10:02.280265+00:00,1780229401,208,-1072,88,1
paired,2026-05-31T12:10:32.252103+00:00,1780229431,238,-1014,-5,2026-05-31T12:10:31.925695+00:00,1780229431,236,-689,106,2
paired,2026-05-31T12:11:02.302214+00:00,1780229461,255,-1047,19,2026-05-31T12:11:01.470555+00:00,1780229461,254,-216,75,1
paired,2026-05-31T12:11:32.302342+00:00,1780229491,290,-1012,2,2026-05-31T12:11:31.802399+00:00,1780229491,288,-514,-109,2
paired,2026-05-31T12:12:02.352683+00:00,1780229521,269,-1083,-3,2026-05-31T12:12:02.352265+00:00,1780229521,268,-1084,240,1
paired,2026-05-31T12:12:32.452524+00:00,1780229551,293,-1159,676,2026-05-31T12:12:32.352453+00:00,1780229551,292,-1060,-250,1
paired,2026-05-31T12:13:02.403166+00:00,1780229581,368,-1035,541,2026-05-31T12:13:02.402532+00:00,1780229581,367,-1035,-83,1
paired,2026-05-31T12:13:32.453078+00:00,1780229611,391,-1062,127,2026-05-31T12:13:32.452793+00:00,1780229611,390,-1062,-83,1
paired,2026-05-31T12:14:02.453160+00:00,1780229641,408,-1045,83,2026-05-31T12:14:02.452983+00:00,1780229641,407,-1045,-257,1
paired,2026-05-31T12:14:32.553912+00:00,1780229671,435,-1118,129,2026-05-31T12:14:32.553080+00:00,1780229671,434,-1119,-146,1
paired,2026-05-31T12:15:02.454181+00:00,1780229701,402,-1052,-85,2026-05-31T12:15:02.553627+00:00,1780229701,401,-1152,-179,1
paired,2026-05-31T12:15:32.554148+00:00,1780229731,405,-1149,-33,2026-05-31T12:15:32.553508+00:00,1780229731,404,-1149,-160,1
paired,2026-05-31T12:16:02.604190+00:00,1780229761,443,-1161,9,2026-05-31T12:16:02.617483+00:00,1780229761,442,-1175,-273,1
